{
    "parameteranalysis": {
        "i": 12
    },
    "modelresults": {
        "shadow2": -1.5000000000000007,
        "status_primal": "FEASIBLE_POINT",
        "status": "OPTIMAL",
        "objective": 204.99999999999997,
        "x": 15.000000000000005,
        "shadow1": -0.24999999999999922,
        "status_dual": "FEASIBLE_POINT",
        "y": 1.249999999999996
    }
}
