objective,shadow1,shadow2,status,status_dual,status_primal,x,y
204.99999999999997,-0.24999999999999922,-1.5000000000000007,OPTIMAL,FEASIBLE_POINT,FEASIBLE_POINT,15.000000000000005,1.249999999999996
