Generation,Investment
OCGT,0.18265624900000035
CCGT,0.9368359375
WIND,33.79687499999999
SOLAR,45.05494506593407
