Generation,Investment
OCGT,3.4789303469253405
CCGT,0.13616293540671984
WIND,48.21831142756295
SOLAR,75.3741639236549
