{
    "parameteranalysis": {
        "i": 12
    },
    "linearmodel": {
        "modeldata": {
            "timesteps": 10
        },
        "unitdata": {
            "electricitydemand": {
                "I": 0,
                "C": 0,
                "powerprofile": [
                    -0.1,
                    -0.2,
                    -0.3,
                    -0.4,
                    -0.5,
                    -0.6,
                    -0.7,
                    -0.8,
                    -0.9,
                    -1.0
                ],
                "pmax": 10,
                "category": "demand"
            },
            "nuclear": {
                "I": 10,
                "C": 1,
                "pmax": 5,
                "category": "supply"
            },
            "gaspoweredplant": {
                "I": 1,
                "C": 10,
                "pmax": 15,
                "category": "supply"
            }
        }
    },
    "modelresults": {
        "status_primal": "FEASIBLE_POINT",
        "status": "OPTIMAL",
        "electricitydemand": [
            -0.09999999999999998,
            -0.19999999999999996,
            -0.30000000000000004,
            -0.4,
            -0.5,
            -0.6,
            -0.7,
            -0.8,
            -0.9,
            -1.0
        ],
        "objective": 15.5,
        "nuclear": [
            0.09999999999999998,
            0.19999999999999996,
            0.30000000000000004,
            0.4,
            0.5,
            0.6,
            0.7,
            0.8,
            0.9,
            1.0
        ],
        "gaspoweredplant": [
            0.0,
            0.0,
            0.0,
            0.0,
            0.0,
            0.0,
            0.0,
            0.0,
            0.0,
            0.0
        ],
        "status_dual": "FEASIBLE_POINT"
    }
}
